codigo_mesa,departamento,provincia,distrito,participacion_pct,electores_habiles,votos_emitidos,total_validos,winner_party,winner_votes,winner_share_pct,winner_margin_pct,suspicious_party,suspicious_party_share_pct,suspicious_party_z,baseline_mean_share_pct,baseline_source,estimated_excess_votes,winner_last_digit,score,flag_top_0_2_pct
903371,LORETO,DATEM DEL MARAÑÓN,BARRANCA,72.64,106,77,66,JUNTOS POR EL PERÚ,62,93.94,92.42,JUNTOS POR EL PERÚ,93.94,7.516,10.69,distrito,54.94,2,18.1258,True
900692,APURÍMAC,ANDAHUAYLAS,ANDAHUAYLAS,95.24,168,160,118,JUNTOS POR EL PERÚ,102,86.44,83.05,JUNTOS POR EL PERÚ,86.44,3.7825,32.43,distrito,63.74,2,17.2277,True
902219,HUÁNUCO,HUAMALIES,MIRAFLORES,87.65,81,71,54,JUNTOS POR EL PERÚ,39,72.22,64.81,JUNTOS POR EL PERÚ,72.22,9.7566,2.63,distrito,37.58,9,15.5534,True
000295,AMAZONAS,BAGUA,BAGUA,86.29,299,258,179,JUNTOS POR EL PERÚ,153,85.47,78.21,JUNTOS POR EL PERÚ,85.47,6.5882,27.4,distrito,103.96,3,15.0413,True
901451,CAJAMARCA,CUTERVO,LA RAMADA,92.19,64,59,53,JUNTOS POR EL PERÚ,45,84.91,81.13,JUNTOS POR EL PERÚ,84.91,3.2058,49.99,provincia,18.5,5,14.7047,True
900699,APURÍMAC,ANDAHUAYLAS,ANDAHUAYLAS,94.87,78,74,52,JUNTOS POR EL PERÚ,43,82.69,75.0,JUNTOS POR EL PERÚ,82.69,3.52,32.43,distrito,26.14,3,14.4491,True
902370,HUÁNUCO,PACHITEA,PANAO,72.26,292,211,126,JUNTOS POR EL PERÚ,123,97.62,96.83,JUNTOS POR EL PERÚ,97.62,2.8744,60.77,distrito,46.43,3,14.3843,True
900048,AMAZONAS,BAGUA,IMAZA,86.99,146,127,64,JUNTOS POR EL PERÚ,60,93.75,90.62,JUNTOS POR EL PERÚ,93.75,2.6334,66.55,distrito,17.41,0,13.8872,True
900028,AMAZONAS,BAGUA,IMAZA,55.56,216,120,91,JUNTOS POR EL PERÚ,86,94.51,92.31,JUNTOS POR EL PERÚ,94.51,2.7066,66.55,distrito,25.44,6,13.5255,True
901524,CAJAMARCA,JAÉN,SALLIQUE,64.92,248,161,120,JUNTOS POR EL PERÚ,110,91.67,88.33,JUNTOS POR EL PERÚ,91.67,3.2495,37.32,provincia,65.22,0,13.5162,True
903428,LORETO,DATEM DEL MARAÑÓN,MORONA,89.72,214,192,149,JUNTOS POR EL PERÚ,136,91.28,88.59,JUNTOS POR EL PERÚ,91.28,2.4376,44.1,distrito,70.29,6,13.5111,True
018146,CUSCO,QUISPICANCHI,OCONGATE,89.33,300,268,230,JUNTOS POR EL PERÚ,208,90.43,86.09,JUNTOS POR EL PERÚ,90.43,2.8338,64.73,distrito,59.12,8,13.4543,True
901353,CAJAMARCA,CHOTA,TACABAMBA,69.08,262,181,159,JUNTOS POR EL PERÚ,146,91.82,89.31,JUNTOS POR EL PERÚ,91.82,3.4078,66.02,distrito,41.03,6,13.4416,True
900946,AYACUCHO,HUAMANGA,VINCHOS,94.06,219,206,137,JUNTOS POR EL PERÚ,110,80.29,75.91,JUNTOS POR EL PERÚ,80.29,2.4602,49.71,distrito,41.9,0,13.3279,True
901207,CAJAMARCA,CELENDÍN,HUASMÍN,72.94,218,159,129,JUNTOS POR EL PERÚ,123,95.35,93.8,JUNTOS POR EL PERÚ,95.35,2.3544,72.94,distrito,28.91,3,13.2779,True
900722,APURÍMAC,ANDAHUAYLAS,SAN JERÓNIMO,90.99,222,202,156,JUNTOS POR EL PERÚ,127,81.41,74.36,JUNTOS POR EL PERÚ,81.41,3.3307,21.93,distrito,92.79,7,13.0654,True
900726,APURÍMAC,ANDAHUAYLAS,SAN JERÓNIMO,90.08,262,236,186,JUNTOS POR EL PERÚ,150,80.65,74.19,JUNTOS POR EL PERÚ,80.65,3.2879,21.93,distrito,109.21,0,13.0329,True
901455,CAJAMARCA,CUTERVO,QUEROCOTILLO,47.16,299,141,139,JUNTOS POR EL PERÚ,126,90.65,86.33,JUNTOS POR EL PERÚ,90.65,3.3775,59.66,distrito,43.08,6,12.9665,True
900693,APURÍMAC,ANDAHUAYLAS,ANDAHUAYLAS,94.12,255,240,183,JUNTOS POR EL PERÚ,140,76.5,68.31,JUNTOS POR EL PERÚ,76.5,3.0866,32.43,distrito,80.66,0,12.885,True
903403,LORETO,DATEM DEL MARAÑÓN,CAHUAPANAS,73.83,214,158,123,JUNTOS POR EL PERÚ,119,96.75,95.93,JUNTOS POR EL PERÚ,96.75,1.5421,74.64,distrito,27.19,9,12.8541,True
903708,PIURA,PIURA,CATACAOS,85.32,252,215,164,JUNTOS POR EL PERÚ,121,73.78,66.46,JUNTOS POR EL PERÚ,73.78,7.0144,8.1,distrito,107.72,1,12.7383,True
901555,CAJAMARCA,SAN IGNACIO,HUARANGO,68.46,298,204,165,JUNTOS POR EL PERÚ,144,87.27,84.85,JUNTOS POR EL PERÚ,87.27,3.6354,52.56,distrito,57.27,4,12.6544,True
902178,HUANCAVELICA,CHURCAMPA,CHINCHIHUASI,72.14,201,145,115,JUNTOS POR EL PERÚ,101,87.83,86.09,JUNTOS POR EL PERÚ,87.83,3.2789,46.25,provincia,47.81,1,12.6409,True
900763,APURÍMAC,CHINCHEROS,EL PORVENIR,80.08,241,193,154,JUNTOS POR EL PERÚ,105,68.18,63.64,JUNTOS POR EL PERÚ,68.18,7.6731,6.02,distrito,95.74,5,12.5344,True
902636,JUNÍN,HUANCAYO,SANTO DOMINGO DE ACOBAMBA,65.56,241,158,112,JUNTOS POR EL PERÚ,83,74.11,66.96,JUNTOS POR EL PERÚ,74.11,6.9129,9.62,provincia,72.22,3,12.4978,True
900948,AYACUCHO,HUAMANGA,VINCHOS,94.07,236,222,155,JUNTOS POR EL PERÚ,124,80.0,71.61,JUNTOS POR EL PERÚ,80.0,2.4367,49.71,distrito,46.95,4,12.4905,True
901190,CAJAMARCA,CELENDÍN,CORTEGANA,67.53,154,104,88,JUNTOS POR EL PERÚ,82,93.18,90.91,JUNTOS POR EL PERÚ,93.18,2.1138,55.62,provincia,33.05,2,12.4775,True
900947,AYACUCHO,HUAMANGA,VINCHOS,94.92,236,224,152,JUNTOS POR EL PERÚ,119,78.29,72.37,JUNTOS POR EL PERÚ,78.29,2.2991,49.71,distrito,43.45,9,12.4271,True
902637,JUNÍN,HUANCAYO,SANTO DOMINGO DE ACOBAMBA,62.5,248,155,107,JUNTOS POR EL PERÚ,78,72.9,67.29,JUNTOS POR EL PERÚ,72.9,6.7832,9.62,provincia,67.71,8,12.3994,True
900070,AMAZONAS,CONDORCANQUI,NIEVA,73.82,191,141,92,JUNTOS POR EL PERÚ,83,90.22,86.96,JUNTOS POR EL PERÚ,90.22,2.7382,67.88,distrito,20.55,3,12.336,True
900893,AYACUCHO,VÍCTOR FAJARDO,SARHUA,60.97,228,139,101,JUNTOS POR EL PERÚ,87,86.14,83.17,JUNTOS POR EL PERÚ,86.14,3.5563,41.19,provincia,45.4,7,12.2654,True
900695,APURÍMAC,ANDAHUAYLAS,ANDAHUAYLAS,92.01,288,265,172,JUNTOS POR EL PERÚ,134,77.91,68.02,JUNTOS POR EL PERÚ,77.91,3.1849,32.43,distrito,78.23,4,12.2531,True
013110,CAJAMARCA,CHOTA,LAJAS,60.67,300,182,182,JUNTOS POR EL PERÚ,156,85.71,80.22,JUNTOS POR EL PERÚ,85.71,3.8853,59.54,distrito,47.64,6,12.2466,True
904139,PUNO,CARABAYA,OLLACHEA,70.89,158,112,85,JUNTOS POR EL PERÚ,70,82.35,80.0,JUNTOS POR EL PERÚ,82.35,3.9279,34.65,provincia,40.55,0,12.197,True
903710,PIURA,PIURA,CATACAOS,88.89,252,224,164,JUNTOS POR EL PERÚ,114,69.51,63.41,JUNTOS POR EL PERÚ,69.51,6.5586,8.1,distrito,100.72,4,12.1866,True
900100,AMAZONAS,CONDORCANQUI,EL CENEPA,84.68,248,210,157,JUNTOS POR EL PERÚ,143,91.08,89.17,JUNTOS POR EL PERÚ,91.08,2.0675,77.35,distrito,21.57,3,12.145,True
086460,AMÉRICA,ESTADOS UNIDOS DE ÁMERICA,MIAMI,18.27,498,91,91,RENOVACIÓN POPULAR,61,67.03,56.04,JUNTOS POR EL PERÚ,10.99,8.5014,0.45,distrito,9.59,1,12.1099,True
901479,CAJAMARCA,JAÉN,JAÉN,78.79,165,130,109,JUNTOS POR EL PERÚ,76,69.72,56.88,JUNTOS POR EL PERÚ,69.72,7.9271,23.02,distrito,50.9,6,12.1058,True
902166,HUANCAVELICA,TAYACAJA,QUICHUAS,79.08,153,121,108,JUNTOS POR EL PERÚ,95,87.96,83.33,JUNTOS POR EL PERÚ,87.96,2.7909,49.83,provincia,41.19,5,12.0946,True
903870,PIURA,HUANCABAMBA,HUARMACA,57.48,214,123,79,JUNTOS POR EL PERÚ,68,86.08,83.54,JUNTOS POR EL PERÚ,86.08,3.2884,55.38,distrito,24.25,8,12.0274,True
902200,HUÁNUCO,DOS DE MAYO,MARÍAS,58.04,224,130,90,JUNTOS POR EL PERÚ,76,84.44,82.22,JUNTOS POR EL PERÚ,84.44,3.3134,46.31,provincia,34.32,6,11.8662,True
901543,CAJAMARCA,JAÉN,LAS PIRIAS,97.3,111,108,87,JUNTOS POR EL PERÚ,64,73.56,67.82,JUNTOS POR EL PERÚ,73.56,2.1671,37.32,provincia,31.53,4,11.8442,True
901295,CAJAMARCA,SAN MARCOS,JOSÉ SABOGAL,67.72,254,172,146,JUNTOS POR EL PERÚ,128,87.67,84.93,JUNTOS POR EL PERÚ,87.67,2.7473,61.33,distrito,38.46,8,11.8244,True
902002,HUANCAVELICA,ANGARAES,LIRCAY,80.93,194,157,121,JUNTOS POR EL PERÚ,99,81.82,76.86,JUNTOS POR EL PERÚ,81.82,4.2814,43.99,distrito,45.77,9,11.8196,True
901121,CAJAMARCA,CAJAMARCA,LOS BAÑOS DEL INCA,91.67,252,231,169,JUNTOS POR EL PERÚ,118,69.82,62.72,JUNTOS POR EL PERÚ,69.82,4.4898,28.22,distrito,70.31,8,11.7823,True
902369,HUÁNUCO,PACHITEA,PANAO,68.42,285,195,138,JUNTOS POR EL PERÚ,123,89.13,86.23,JUNTOS POR EL PERÚ,89.13,2.2123,60.77,distrito,39.14,3,11.7518,True
901523,CAJAMARCA,JAÉN,SALLIQUE,69.36,248,172,136,JUNTOS POR EL PERÚ,118,86.76,83.09,JUNTOS POR EL PERÚ,86.76,2.9565,37.32,provincia,67.25,8,11.7359,True
901409,CAJAMARCA,HUALGAYOC,BAMBAMARCA,86.47,207,179,139,JUNTOS POR EL PERÚ,120,86.33,84.17,JUNTOS POR EL PERÚ,86.33,2.1711,64.64,distrito,30.15,0,11.7223,True
901408,CAJAMARCA,HUALGAYOC,BAMBAMARCA,81.59,277,226,150,JUNTOS POR EL PERÚ,133,88.67,85.33,JUNTOS POR EL PERÚ,88.67,2.4049,64.64,distrito,36.04,3,11.6466,True
900064,AMAZONAS,CONDORCANQUI,NIEVA,55.79,233,130,98,JUNTOS POR EL PERÚ,85,86.73,83.67,JUNTOS POR EL PERÚ,86.73,2.3113,67.88,distrito,18.48,5,11.6454,True
901561,CAJAMARCA,SAN IGNACIO,HUARANGO,69.91,226,158,131,JUNTOS POR EL PERÚ,110,83.97,77.86,JUNTOS POR EL PERÚ,83.97,3.2895,52.56,distrito,41.15,0,11.5469,True
901406,CAJAMARCA,HUALGAYOC,BAMBAMARCA,82.31,277,228,172,JUNTOS POR EL PERÚ,150,87.21,83.72,JUNTOS POR EL PERÚ,87.21,2.259,64.64,distrito,38.82,0,11.5073,True
067284,LORETO,DATEM DEL MARAÑÓN,CAHUAPANAS,23.41,299,70,48,JUNTOS POR EL PERÚ,44,91.67,87.5,JUNTOS POR EL PERÚ,91.67,1.1876,74.64,distrito,8.17,4,11.4833,True
902316,HUÁNUCO,HUÁNUCO,SANTA MARÍA DEL VALLE,86.96,276,240,164,JUNTOS POR EL PERÚ,135,82.32,78.05,JUNTOS POR EL PERÚ,82.32,2.7675,46.19,distrito,59.24,5,11.477,True
012690,CAJAMARCA,CUTERVO,LA RAMADA,62.67,300,188,166,JUNTOS POR EL PERÚ,142,85.54,78.92,JUNTOS POR EL PERÚ,85.54,3.2643,49.99,provincia,59.01,2,11.4736,True
900724,APURÍMAC,ANDAHUAYLAS,SAN JERÓNIMO,91.6,262,240,192,JUNTOS POR EL PERÚ,142,73.96,68.75,JUNTOS POR EL PERÚ,73.96,2.9135,21.93,distrito,99.9,2,11.4582,True
901445,CAJAMARCA,CUTERVO,CUTERVO,81.53,287,234,179,JUNTOS POR EL PERÚ,136,75.98,67.6,JUNTOS POR EL PERÚ,75.98,5.5571,43.62,distrito,57.92,6,11.4391,True
900231,AMAZONAS,RODRÍGUEZ DE MENDOZA,OMIA,64.21,95,61,48,JUNTOS POR EL PERÚ,40,83.33,77.08,JUNTOS POR EL PERÚ,83.33,3.3272,36.56,distrito,22.45,0,11.4272,True
067285,LORETO,DATEM DEL MARAÑÓN,CAHUAPANAS,18.39,299,55,42,JUNTOS POR EL PERÚ,38,90.48,88.1,JUNTOS POR EL PERÚ,90.48,1.1046,74.64,distrito,6.65,8,11.394,True
901124,CAJAMARCA,CAJAMARCA,LOS BAÑOS DEL INCA,93.87,261,245,179,JUNTOS POR EL PERÚ,120,67.04,54.75,JUNTOS POR EL PERÚ,67.04,4.1894,28.22,distrito,69.49,0,11.3867,True
900725,APURÍMAC,ANDAHUAYLAS,SAN JERÓNIMO,93.89,262,246,193,JUNTOS POR EL PERÚ,140,72.54,62.69,JUNTOS POR EL PERÚ,72.54,2.834,21.93,distrito,97.68,0,11.3683,True
901323,CAJAMARCA,CHOTA,CONCHÁN,86.81,235,204,176,JUNTOS POR EL PERÚ,150,85.23,77.27,JUNTOS POR EL PERÚ,85.23,2.5524,56.29,provincia,50.93,0,11.3606,True
903404,LORETO,DATEM DEL MARAÑÓN,CAHUAPANAS,75.7,214,162,139,JUNTOS POR EL PERÚ,128,92.09,87.05,JUNTOS POR EL PERÚ,92.09,1.2169,74.64,distrito,24.25,8,11.3408,True
005108,APURÍMAC,GRAU,SAN ANTONIO,53.47,202,108,94,JUNTOS POR EL PERÚ,62,65.96,54.26,JUNTOS POR EL PERÚ,65.96,8.0452,11.18,distrito,51.49,2,11.3404,True
904450,SAN MARTÍN,MOYOBAMBA,MOYOBAMBA,92.86,280,260,193,JUNTOS POR EL PERÚ,134,69.43,58.03,JUNTOS POR EL PERÚ,69.43,4.0818,21.92,distrito,91.7,4,11.3037,True
902278,HUÁNUCO,HUÁNUCO,CHURUBAMBA,85.84,226,194,155,JUNTOS POR EL PERÚ,136,87.74,85.81,JUNTOS POR EL PERÚ,87.74,1.8867,59.58,distrito,43.65,6,11.2701,True
903709,PIURA,PIURA,CATACAOS,87.7,252,221,134,JUNTOS POR EL PERÚ,90,67.16,58.96,JUNTOS POR EL PERÚ,67.16,6.3078,8.1,distrito,79.15,0,11.2489,True
901089,CAJAMARCA,CAJAMARCA,CHETILLA,76.79,224,172,100,JUNTOS POR EL PERÚ,83,83.0,76.0,JUNTOS POR EL PERÚ,83.0,3.5149,27.13,provincia,55.87,3,11.1149,True
071386,PIURA,AYABACA,LAGUNAS,32.0,300,96,73,JUNTOS POR EL PERÚ,62,84.93,82.19,JUNTOS POR EL PERÚ,84.93,2.6482,28.43,distrito,41.25,2,11.1089,True
902724,LA LIBERTAD,OTUZCO,USQUIL,85.6,250,214,180,JUNTOS POR EL PERÚ,140,77.78,75.0,JUNTOS POR EL PERÚ,77.78,3.7324,31.21,distrito,83.83,0,11.0797,True
901407,CAJAMARCA,HUALGAYOC,BAMBAMARCA,79.78,277,221,169,JUNTOS POR EL PERÚ,147,86.98,83.43,JUNTOS POR EL PERÚ,86.98,2.2363,64.64,distrito,37.76,7,11.0773,True
903386,LORETO,DATEM DEL MARAÑÓN,ANDOAS,40.0,190,76,37,JUNTOS POR EL PERÚ,33,89.19,83.78,JUNTOS POR EL PERÚ,89.19,1.8687,50.3,distrito,14.39,3,11.0207,True
903876,PIURA,HUANCABAMBA,HUARMACA,63.1,271,171,115,JUNTOS POR EL PERÚ,96,83.48,79.13,JUNTOS POR EL PERÚ,83.48,3.0102,55.38,distrito,32.31,6,10.983,True
904441,SAN MARTÍN,MOYOBAMBA,MOYOBAMBA,72.27,256,185,140,JUNTOS POR EL PERÚ,107,76.43,69.29,JUNTOS POR EL PERÚ,76.43,4.6831,21.92,distrito,76.31,7,10.9402,True
901370,CAJAMARCA,HUALGAYOC,BAMBAMARCA,70.28,286,201,153,JUNTOS POR EL PERÚ,130,84.97,83.01,JUNTOS POR EL PERÚ,84.97,2.0347,64.64,distrito,31.1,0,10.9312,True
067293,LORETO,DATEM DEL MARAÑÓN,CAHUAPANAS,9.26,270,25,19,JUNTOS POR EL PERÚ,17,89.47,84.21,JUNTOS POR EL PERÚ,89.47,1.0346,74.64,distrito,2.82,7,10.8803,True
902662,JUNÍN,CONCEPCIÓN,COMAS,79.03,267,211,132,JUNTOS POR EL PERÚ,61,46.21,27.27,JUNTOS POR EL PERÚ,46.21,11.6271,2.84,distrito,57.25,1,10.8543,True
903372,LORETO,DATEM DEL MARAÑÓN,BARRANCA,86.23,138,119,79,JUNTOS POR EL PERÚ,57,72.15,63.29,JUNTOS POR EL PERÚ,72.15,5.5489,10.69,distrito,48.56,7,10.8295,True
902285,HUÁNUCO,HUÁNUCO,CHURUBAMBA,90.22,276,249,212,JUNTOS POR EL PERÚ,176,83.02,79.25,JUNTOS POR EL PERÚ,83.02,1.5703,59.58,distrito,49.69,6,10.8022,True
900072,AMAZONAS,CONDORCANQUI,RÍO SANTIAGO,81.0,279,226,193,JUNTOS POR EL PERÚ,171,88.6,86.01,JUNTOS POR EL PERÚ,88.6,1.3436,70.39,distrito,35.14,1,10.8012,True
902638,JUNÍN,HUANCAYO,SANTO DOMINGO DE ACOBAMBA,64.78,247,160,103,JUNTOS POR EL PERÚ,70,67.96,59.22,JUNTOS POR EL PERÚ,67.96,6.2541,9.62,provincia,60.09,0,10.7966,True
904649,UCAYALI,ATALAYA,TAHUANIA,37.63,194,73,49,JUNTOS POR EL PERÚ,40,81.63,73.47,JUNTOS POR EL PERÚ,81.63,3.2454,27.78,distrito,26.39,0,10.7714,True
067294,LORETO,DATEM DEL MARAÑÓN,CAHUAPANAS,15.56,270,42,27,JUNTOS POR EL PERÚ,24,88.89,85.19,JUNTOS POR EL PERÚ,88.89,0.9938,74.64,distrito,3.85,4,10.7546,True
067292,LORETO,DATEM DEL MARAÑÓN,CAHUAPANAS,47.04,270,127,93,JUNTOS POR EL PERÚ,82,88.17,86.02,JUNTOS POR EL PERÚ,88.17,0.9438,74.64,distrito,12.58,2,10.7487,True
900718,APURÍMAC,ANDAHUAYLAS,SAN JERÓNIMO,90.32,248,224,162,JUNTOS POR EL PERÚ,119,73.46,66.67,JUNTOS POR EL PERÚ,73.46,2.8854,21.93,distrito,83.47,9,10.6891,True
901522,CAJAMARCA,JAÉN,SALLIQUE,69.95,223,156,113,JUNTOS POR EL PERÚ,94,83.19,78.76,JUNTOS POR EL PERÚ,83.19,2.7425,37.32,provincia,51.83,4,10.6418,True
902374,HUÁNUCO,PACHITEA,PANAO,71.22,205,146,111,JUNTOS POR EL PERÚ,96,86.49,81.98,JUNTOS POR EL PERÚ,86.49,2.0061,60.77,distrito,28.55,6,10.6401,True
901417,CAJAMARCA,HUALGAYOC,HUALGAYOC,78.81,269,212,159,JUNTOS POR EL PERÚ,135,84.91,79.87,JUNTOS POR EL PERÚ,84.91,2.0424,63.1,distrito,34.68,5,10.618,True
902299,HUÁNUCO,HUÁNUCO,SAN PEDRO DE CHAULÁN,71.84,206,148,112,JUNTOS POR EL PERÚ,92,82.14,77.68,JUNTOS POR EL PERÚ,82.14,2.9159,24.66,provincia,64.38,2,10.5766,True
901419,CAJAMARCA,HUALGAYOC,HUALGAYOC,83.27,269,224,162,JUNTOS POR EL PERÚ,139,85.8,80.86,JUNTOS POR EL PERÚ,85.8,2.1264,63.1,distrito,36.78,9,10.5631,True
901570,CAJAMARCA,SAN IGNACIO,LA COIPA,87.18,273,238,176,JUNTOS POR EL PERÚ,137,77.84,72.73,JUNTOS POR EL PERÚ,77.84,3.3841,52.05,distrito,45.4,7,10.557,True
900026,AMAZONAS,BAGUA,IMAZA,52.63,209,110,81,JUNTOS POR EL PERÚ,71,87.65,77.78,JUNTOS POR EL PERÚ,87.65,2.0433,66.55,distrito,17.1,1,10.5529,True
901360,CAJAMARCA,CHOTA,TACABAMBA,61.23,276,169,133,JUNTOS POR EL PERÚ,112,84.21,79.7,JUNTOS POR EL PERÚ,84.21,2.4023,66.02,distrito,24.19,2,10.5236,True
900734,APURÍMAC,ANDAHUAYLAS,TALAVERA,86.81,235,204,154,JUNTOS POR EL PERÚ,122,79.22,74.03,JUNTOS POR EL PERÚ,79.22,3.1339,36.22,distrito,66.23,2,10.5166,True
900035,AMAZONAS,BAGUA,IMAZA,63.64,66,42,24,JUNTOS POR EL PERÚ,21,87.5,79.17,JUNTOS POR EL PERÚ,87.5,2.0284,66.55,distrito,5.03,1,10.5075,True
903706,PIURA,PIURA,CATACAOS,87.98,233,205,168,JUNTOS POR EL PERÚ,111,66.07,55.36,JUNTOS POR EL PERÚ,66.07,6.1911,8.1,distrito,97.39,1,10.5058,True
903701,PASCO,DANIEL ALCIDES CARRIÓN,SANTA ANA DE TUSI,68.55,159,109,85,JUNTOS POR EL PERÚ,66,77.65,71.76,JUNTOS POR EL PERÚ,77.65,3.9821,37.09,provincia,34.47,6,10.4895,True
902345,HUÁNUCO,AMBO,COLPAS,58.18,220,128,96,JUNTOS POR EL PERÚ,79,82.29,77.08,JUNTOS POR EL PERÚ,82.29,2.8521,36.44,provincia,44.02,9,10.4719,True
904648,UCAYALI,ATALAYA,TAHUANIA,38.17,186,71,46,JUNTOS POR EL PERÚ,37,80.43,76.09,JUNTOS POR EL PERÚ,80.43,3.1732,27.78,distrito,24.22,7,10.4612,True
901090,CAJAMARCA,CAJAMARCA,CHETILLA,64.91,228,148,103,JUNTOS POR EL PERÚ,82,79.61,75.73,JUNTOS POR EL PERÚ,79.61,3.3017,27.13,provincia,54.06,2,10.451,True
902168,HUANCAVELICA,TAYACAJA,PICHOS,76.07,163,124,93,JUNTOS POR EL PERÚ,78,83.87,78.49,JUNTOS POR EL PERÚ,83.87,2.4914,49.83,provincia,31.66,8,10.4497,True
900764,APURÍMAC,CHINCHEROS,EL PORVENIR,80.84,261,211,161,JUNTOS POR EL PERÚ,103,63.98,56.52,JUNTOS POR EL PERÚ,63.98,7.1538,6.02,distrito,93.32,3,10.4279,True
903388,LORETO,DATEM DEL MARAÑÓN,ANDOAS,55.4,213,118,58,JUNTOS POR EL PERÚ,50,86.21,79.31,JUNTOS POR EL PERÚ,86.21,1.7254,50.3,distrito,20.83,0,10.4073,True
900694,APURÍMAC,ANDAHUAYLAS,ANDAHUAYLAS,92.71,288,267,209,JUNTOS POR EL PERÚ,149,71.29,62.2,JUNTOS POR EL PERÚ,71.29,2.7217,32.43,distrito,81.23,9,10.4057,True
012688,CAJAMARCA,CUTERVO,LA RAMADA,58.33,300,175,138,JUNTOS POR EL PERÚ,112,81.16,76.09,JUNTOS POR EL PERÚ,81.16,2.8618,49.99,provincia,43.01,2,10.3904,True
900101,AMAZONAS,CONDORCANQUI,EL CENEPA,84.5,200,169,133,JUNTOS POR EL PERÚ,116,87.22,83.46,JUNTOS POR EL PERÚ,87.22,1.4858,77.35,distrito,13.13,6,10.3731,True
013042,CAJAMARCA,CHOTA,CHIGUIRIP,67.49,243,164,139,JUNTOS POR EL PERÚ,116,83.45,79.14,JUNTOS POR EL PERÚ,83.45,2.3959,56.29,provincia,37.76,6,10.3662,True
902943,LAMBAYEQUE,FERREÑAFE,CAÑARIS,60.48,248,150,112,JUNTOS POR EL PERÚ,97,86.61,82.14,JUNTOS POR EL PERÚ,86.61,1.3554,65.93,distrito,23.16,7,10.3152,True
901198,CAJAMARCA,CELENDÍN,CHUMUCH,74.05,185,137,94,JUNTOS POR EL PERÚ,81,86.17,81.91,JUNTOS POR EL PERÚ,86.17,1.7192,55.62,provincia,28.72,1,10.307,True
900892,AYACUCHO,VÍCTOR FAJARDO,SARHUA,61.47,218,134,100,JUNTOS POR EL PERÚ,81,81.0,74.0,JUNTOS POR EL PERÚ,81.0,3.1497,41.19,provincia,39.81,1,10.2997,True
900770,APURÍMAC,COTABAMBAS,TAMBOBAMBA,89.12,193,172,118,JUNTOS POR EL PERÚ,90,76.27,72.03,JUNTOS POR EL PERÚ,76.27,2.5464,46.04,distrito,35.67,0,10.2887,True
901341,CAJAMARCA,CHOTA,MIRACOSTA,47.34,188,89,62,JUNTOS POR EL PERÚ,52,83.87,77.42,JUNTOS POR EL PERÚ,83.87,2.4328,56.29,provincia,17.1,2,10.2836,True
900071,AMAZONAS,CONDORCANQUI,RÍO SANTIAGO,78.47,274,215,171,JUNTOS POR EL PERÚ,147,85.96,82.46,JUNTOS POR EL PERÚ,85.96,1.1491,70.39,distrito,26.63,7,10.2662,True
900088,AMAZONAS,CONDORCANQUI,EL CENEPA,79.27,246,195,153,JUNTOS POR EL PERÚ,132,86.27,81.7,JUNTOS POR EL PERÚ,86.27,1.3438,77.35,distrito,13.66,2,10.2292,True
901377,CAJAMARCA,HUALGAYOC,BAMBAMARCA,73.61,288,212,197,JUNTOS POR EL PERÚ,167,84.77,79.7,JUNTOS POR EL PERÚ,84.77,2.0151,64.64,distrito,39.66,7,10.2061,True
005120,APURÍMAC,GRAU,SANTA ROSA,58.6,215,126,103,JUNTOS POR EL PERÚ,83,80.58,75.73,JUNTOS POR EL PERÚ,80.58,2.932,24.22,distrito,58.05,3,10.2026,True
902140,HUANCAVELICA,TAYACAJA,COLCABAMBA,74.27,171,127,107,JUNTOS POR EL PERÚ,90,84.11,81.31,JUNTOS POR EL PERÚ,84.11,1.5783,60.14,distrito,25.65,0,10.1981,True
071448,PIURA,AYABACA,PACAIPAMPA,28.26,276,78,72,JUNTOS POR EL PERÚ,61,84.72,79.17,JUNTOS POR EL PERÚ,84.72,2.0595,65.49,distrito,13.85,1,10.1915,True
904681,UCAYALI,CORONEL PORTILLO,IPARÍA,41.54,260,108,66,JUNTOS POR EL PERÚ,55,83.33,78.79,JUNTOS POR EL PERÚ,83.33,1.9148,52.4,distrito,20.41,5,10.1852,True
901367,CAJAMARCA,CHOTA,CHALAMARCA,84.13,271,228,194,JUNTOS POR EL PERÚ,160,82.47,76.29,JUNTOS POR EL PERÚ,82.47,2.2714,71.41,distrito,21.47,0,10.1846,True
901199,CAJAMARCA,CELENDÍN,CHUMUCH,71.23,219,156,106,JUNTOS POR EL PERÚ,90,84.91,79.25,JUNTOS POR EL PERÚ,84.91,1.6481,55.62,provincia,31.04,0,10.1608,True
901423,CAJAMARCA,SANTA CRUZ,CATACHE,69.23,247,171,134,JUNTOS POR EL PERÚ,110,82.09,75.37,JUNTOS POR EL PERÚ,82.09,2.3859,54.64,provincia,36.78,0,10.1594,True
902918,LAMBAYEQUE,FERREÑAFE,CAÑARIS,68.94,293,202,140,JUNTOS POR EL PERÚ,120,85.71,79.29,JUNTOS POR EL PERÚ,85.71,1.2969,65.93,distrito,27.7,0,10.1179,True
902029,HUANCAVELICA,ANGARAES,CCOCHACCASA,90.11,182,164,133,JUNTOS POR EL PERÚ,99,74.44,66.92,JUNTOS POR EL PERÚ,74.44,2.2128,48.8,provincia,34.1,9,10.1115,True
026844,JUNÍN,SATIPO,VIZCATÁN DEL ENE,54.33,300,163,122,JUNTOS POR EL PERÚ,90,73.77,65.57,JUNTOS POR EL PERÚ,73.77,4.3348,25.31,provincia,59.13,0,10.0885,True
020591,HUÁNUCO,HUAMALIES,MIRAFLORES,54.88,297,163,113,JUNTOS POR EL PERÚ,68,60.18,48.67,JUNTOS POR EL PERÚ,60.18,8.0679,2.63,distrito,65.03,8,10.0823,True
901623,CAJAMARCA,SAN IGNACIO,TABACONAS,77.25,211,163,141,JUNTOS POR EL PERÚ,115,81.56,78.01,JUNTOS POR EL PERÚ,81.56,2.1105,69.33,distrito,17.25,5,10.0819,True
902016,HUANCAVELICA,ANGARAES,ANCHONGA,80.0,230,184,150,JUNTOS POR EL PERÚ,121,80.67,76.0,JUNTOS POR EL PERÚ,80.67,2.7506,48.8,provincia,47.8,1,10.0589,True
901191,CAJAMARCA,CELENDÍN,CORTEGANA,65.22,161,105,92,JUNTOS POR EL PERÚ,78,84.78,80.43,JUNTOS POR EL PERÚ,84.78,1.6411,55.62,provincia,26.83,8,10.0574,True
902201,HUÁNUCO,DOS DE MAYO,MARÍAS,64.9,245,159,120,JUNTOS POR EL PERÚ,96,80.0,75.0,JUNTOS POR EL PERÚ,80.0,2.9272,46.31,provincia,40.43,6,10.0522,True
067288,LORETO,DATEM DEL MARAÑÓN,CAHUAPANAS,16.39,299,49,34,JUNTOS POR EL PERÚ,29,85.29,82.35,JUNTOS POR EL PERÚ,85.29,0.7431,74.64,distrito,3.62,9,10.0221,True
901680,CAJAMARCA,SAN MIGUEL,CATILLUC,89.47,95,85,75,JUNTOS POR EL PERÚ,58,77.33,70.67,JUNTOS POR EL PERÚ,77.33,2.3873,51.43,provincia,19.43,8,10.0131,True
902477,HUÁNUCO,YAROWILCA,CHORAS,71.05,76,54,45,JUNTOS POR EL PERÚ,38,84.44,73.33,JUNTOS POR EL PERÚ,84.44,2.4947,57.1,provincia,12.31,8,10.0086,True
